"nom";"groupe";"debut_mandat";"fin_mandat";"scrutins";"url"
"Jean-Pierre Abelin";"NC";"6/20/2007";;34;"http://www.nosdeputes.fr/jean-pierre-abelin"
"Élie Aboud";"UMP";"7/4/2007";;48;"http://www.nosdeputes.fr/elie-aboud"
"Bernard Accoyer";"UMP";"6/20/2007";;49;"http://www.nosdeputes.fr/bernard-accoyer"
"Patricia Adam";"SRC";"6/20/2007";;37;"http://www.nosdeputes.fr/patricia-adam"
"Manuel Aeschlimann";"UMP";"6/20/2007";;47;"http://www.nosdeputes.fr/manuel-aeschlimann"
"Yves Albarello";"UMP";"6/20/2007";;40;"http://www.nosdeputes.fr/yves-albarello"
"Alfred Almont";"UMP";"6/20/2007";;48;"http://www.nosdeputes.fr/alfred-almont"
"Abdoulatifou Aly";"NI";"6/20/2007";;31;"http://www.nosdeputes.fr/abdoulatifou-aly"
"Nicole Ameline";"UMP";"6/20/2007";;42;"http://www.nosdeputes.fr/nicole-ameline"
"Marie-Hélène Amiable";"GDR";"6/20/2007";;45;"http://www.nosdeputes.fr/marie-helene-amiable"
"Jean-Paul Anciaux";"UMP";"6/20/2007";;48;"http://www.nosdeputes.fr/jean-paul-anciaux"
"Sylvie Andrieux";"SRC";"6/20/2007";;33;"http://www.nosdeputes.fr/sylvie-andrieux"
"Edwige Antier";"UMP";"7/23/2009";;43;"http://www.nosdeputes.fr/edwige-antier"
"François Asensi";"GDR";"6/20/2007";;41;"http://www.nosdeputes.fr/francois-asensi"
"Jean Auclair";"UMP";"6/20/2007";;45;"http://www.nosdeputes.fr/jean-auclair"
"Martine Aurillac";"UMP";"6/20/2007";;48;"http://www.nosdeputes.fr/martine-aurillac"
"Jean-Marc Ayrault";"SRC";"6/20/2007";;45;"http://www.nosdeputes.fr/jean-marc-ayrault"
"Jean-Paul Bacquet";"SRC";"6/20/2007";;38;"http://www.nosdeputes.fr/jean-paul-bacquet"
"Dominique Baert";"SRC";"6/20/2007";;41;"http://www.nosdeputes.fr/dominique-baert"
"Pierre-Christophe Baguet";"UMP";"6/20/2007";;43;"http://www.nosdeputes.fr/pierre-christophe-baguet"
"Patrick Balkany";"UMP";"6/20/2007";;46;"http://www.nosdeputes.fr/patrick-balkany"
"Jean-Pierre Balligand";"SRC";"6/20/2007";;41;"http://www.nosdeputes.fr/jean-pierre-balligand"
"Gérard Bapt";"SRC";"6/20/2007";;36;"http://www.nosdeputes.fr/gerard-bapt"
"Jean Bardet";"UMP";"6/20/2007";;47;"http://www.nosdeputes.fr/jean-bardet"
"Brigitte Barèges";"UMP";"6/20/2007";;39;"http://www.nosdeputes.fr/brigitte-bareges"
"François Baroin";"UMP";"6/20/2007";"4/23/2010";27;"http://www.nosdeputes.fr/francois-baroin"
"Claude Bartolone";"SRC";"6/20/2007";;31;"http://www.nosdeputes.fr/claude-bartolone"
"Jacques Bascou";"SRC";"6/20/2007";;36;"http://www.nosdeputes.fr/jacques-bascou"
"Sylvia Bassot";"UMP";"6/20/2007";;47;"http://www.nosdeputes.fr/sylvia-bassot"
"Christian Bataille";"SRC";"6/20/2007";;41;"http://www.nosdeputes.fr/christian-bataille"
"Delphine Batho";"SRC";"6/20/2007";;43;"http://www.nosdeputes.fr/delphine-batho"
"Marie-Noëlle Battistel";"SRC";"6/7/2010";;10;"http://www.nosdeputes.fr/marie-noelle-battistel"
"François Bayrou";"NI";"6/20/2007";;34;"http://www.nosdeputes.fr/francois-bayrou"
"Patrick Beaudouin";"UMP";"6/20/2007";;47;"http://www.nosdeputes.fr/patrick-beaudouin"
"Jean-Claude Beaulieu";"UMP";"7/20/2007";;49;"http://www.nosdeputes.fr/jean-claude-beaulieu"
"Huguette Bello";"GDR";"6/20/2007";;28;"http://www.nosdeputes.fr/huguette-bello"
"Jacques Alain Bénisti";"UMP";"6/20/2007";;42;"http://www.nosdeputes.fr/jacques-alain-benisti"
"Thierry Benoit";"NC";"6/20/2007";;43;"http://www.nosdeputes.fr/thierry-benoit"
"Jean-Louis Bernard";"UMP";"6/20/2007";;49;"http://www.nosdeputes.fr/jean-louis-bernard"
"Marc Bernier";"UMP";"6/20/2007";;46;"http://www.nosdeputes.fr/marc-bernier"
"Chantal Berthelot";"SRC";"6/20/2007";;34;"http://www.nosdeputes.fr/chantal-berthelot"
"Xavier Bertrand";"UMP";"2/15/2009";;49;"http://www.nosdeputes.fr/xavier-bertrand"
"Véronique Besse";"NI";"6/20/2007";;40;"http://www.nosdeputes.fr/veronique-besse"
"Jean-Yves Besselat";"UMP";"6/20/2007";;46;"http://www.nosdeputes.fr/jean-yves-besselat"
"Gabriel Biancheri";"UMP";"6/20/2007";;46;"http://www.nosdeputes.fr/gabriel-biancheri"
"Jean-Louis Bianco";"SRC";"6/20/2007";;35;"http://www.nosdeputes.fr/jean-louis-bianco"
"Gisèle Biémouret";"SRC";"6/20/2007";;45;"http://www.nosdeputes.fr/gisele-biemouret"
"Jérôme Bignon";"UMP";"6/20/2007";;46;"http://www.nosdeputes.fr/jerome-bignon"
"Martine Billard";"GDR";"6/20/2007";;42;"http://www.nosdeputes.fr/martine-billard"
"Jean-Marie Binetruy";"UMP";"6/20/2007";;47;"http://www.nosdeputes.fr/jean-marie-binetruy"
"Claude Birraux";"UMP";"6/20/2007";;45;"http://www.nosdeputes.fr/claude-birraux"
"Étienne Blanc";"UMP";"6/20/2007";;43;"http://www.nosdeputes.fr/etienne-blanc"
"Émile Blessig";"UMP";"6/20/2007";;48;"http://www.nosdeputes.fr/emile-blessig"
"Serge Blisko";"SRC";"6/20/2007";;42;"http://www.nosdeputes.fr/serge-blisko"
"Patrick Bloche";"SRC";"6/20/2007";;35;"http://www.nosdeputes.fr/patrick-bloche"
"Roland Blum";"UMP";"6/20/2007";;45;"http://www.nosdeputes.fr/roland-blum"
"Alain Bocquet";"GDR";"6/20/2007";;46;"http://www.nosdeputes.fr/alain-bocquet"
"Claude Bodin";"UMP";"6/20/2007";;44;"http://www.nosdeputes.fr/claude-bodin"
"Philippe Boënnec";"UMP";"6/20/2007";;43;"http://www.nosdeputes.fr/philippe-boennec"
"Daniel Boisserie";"SRC";"6/20/2007";;38;"http://www.nosdeputes.fr/daniel-boisserie"
"Marcel Bonnot";"UMP";"6/20/2007";;47;"http://www.nosdeputes.fr/marcel-bonnot"
"Maxime Bono";"SRC";"6/20/2007";;39;"http://www.nosdeputes.fr/maxime-bono"
"Jean-Yves Bony";"UMP";"7/20/2007";;41;"http://www.nosdeputes.fr/jean-yves-bony"
"Jean-Michel Boucheron";"SRC";"6/20/2007";;33;"http://www.nosdeputes.fr/jean-michel-boucheron"
"Jean-Claude Bouchet";"UMP";"6/20/2007";;43;"http://www.nosdeputes.fr/jean-claude-bouchet"
"Marie-Odile Bouillé";"SRC";"6/20/2007";;46;"http://www.nosdeputes.fr/marie-odile-bouille"
"Christophe Bouillon";"SRC";"6/20/2007";;42;"http://www.nosdeputes.fr/christophe-bouillon"
"Monique Boulestin";"SRC";"6/20/2007";;45;"http://www.nosdeputes.fr/monique-boulestin"
"Gilles Bourdouleix";"UMP";"6/20/2007";;47;"http://www.nosdeputes.fr/gilles-bourdouleix"
"Bruno Bourg-Broc";"UMP";"7/23/2009";;44;"http://www.nosdeputes.fr/bruno-bourg-broc"
"Pierre Bourguignon";"SRC";"6/20/2007";;43;"http://www.nosdeputes.fr/pierre-bourguignon"
"Chantal Bourragué";"UMP";"6/20/2007";;48;"http://www.nosdeputes.fr/chantal-bourrague"
"Danielle Bousquet";"SRC";"6/20/2007";;39;"http://www.nosdeputes.fr/danielle-bousquet"
"Michel Bouvard";"UMP";"6/20/2007";;41;"http://www.nosdeputes.fr/michel-bouvard"
"Loïc Bouvard";"UMP";"6/20/2007";;46;"http://www.nosdeputes.fr/loic-bouvard"
"Valérie Boyer";"UMP";"6/20/2007";;40;"http://www.nosdeputes.fr/valerie-boyer"
"Françoise Branget";"UMP";"6/20/2007";;46;"http://www.nosdeputes.fr/francoise-branget"
"Patrick Braouezec";"GDR";"6/20/2007";;38;"http://www.nosdeputes.fr/patrick-braouezec"
"Jean-Pierre Brard";"GDR";"6/20/2007";;40;"http://www.nosdeputes.fr/jean-pierre-brard"
"Xavier Breton";"UMP";"6/20/2007";;44;"http://www.nosdeputes.fr/xavier-breton"
"Françoise Briand";"UMP";"9/19/2008";;41;"http://www.nosdeputes.fr/francoise-briand"
"Philippe Briand";"UMP";"6/20/2007";;47;"http://www.nosdeputes.fr/philippe-briand"
"Bernard Brochand";"UMP";"6/20/2007";;40;"http://www.nosdeputes.fr/bernard-brochand"
"François Brottes";"SRC";"6/20/2007";;44;"http://www.nosdeputes.fr/francois-brottes"
"Chantal Brunel";"UMP";"6/20/2007";;36;"http://www.nosdeputes.fr/chantal-brunel"
"Marie-George Buffet";"GDR";"6/20/2007";;44;"http://www.nosdeputes.fr/marie-george-buffet"
"Michel Buillard";"UMP";"6/20/2007";;38;"http://www.nosdeputes.fr/michel-buillard"
"Yves Bur";"UMP";"6/20/2007";;48;"http://www.nosdeputes.fr/yves-bur"
"Alain Cacheux";"SRC";"6/20/2007";;46;"http://www.nosdeputes.fr/alain-cacheux"
"Jérôme Cahuzac";"SRC";"6/20/2007";;32;"http://www.nosdeputes.fr/jerome-cahuzac"
"Dominique Caillaud";"UMP";"6/20/2007";;43;"http://www.nosdeputes.fr/dominique-caillaud"
"Patrice Calméjane";"UMP";"6/20/2007";;47;"http://www.nosdeputes.fr/patrice-calmejane"
"François Calvet";"UMP";"6/20/2007";;41;"http://www.nosdeputes.fr/francois-calvet"
"Jean-Christophe Cambadélis";"SRC";"6/20/2007";;29;"http://www.nosdeputes.fr/jean-christophe-cambadelis"
"Jean-Jacques Candelier";"GDR";"6/20/2007";;45;"http://www.nosdeputes.fr/jean-jacques-candelier"
"Bernard Carayon";"UMP";"6/20/2007";;45;"http://www.nosdeputes.fr/bernard-carayon"
"Thierry Carcenac";"SRC";"6/20/2007";;47;"http://www.nosdeputes.fr/thierry-carcenac"
"Pierre Cardo";"UMP";"6/20/2007";"6/5/2010";36;"http://www.nosdeputes.fr/pierre-cardo"
"Christophe Caresche";"SRC";"6/20/2007";;26;"http://www.nosdeputes.fr/christophe-caresche"
"Olivier Carré";"UMP";"6/20/2007";;32;"http://www.nosdeputes.fr/olivier-carre"
"Gilles Carrez";"UMP";"6/20/2007";;44;"http://www.nosdeputes.fr/gilles-carrez"
"Martine Carrillon-Couvreur";"SRC";"6/20/2007";;45;"http://www.nosdeputes.fr/martine-carrillon-couvreur"
"Laurent Cathala";"SRC";"6/20/2007";;35;"http://www.nosdeputes.fr/laurent-cathala"
"Bernard Cazeneuve";"SRC";"6/20/2007";;35;"http://www.nosdeputes.fr/bernard-cazeneuve"
"Joëlle Ceccaldi-Raynaud";"UMP";"6/20/2007";;45;"http://www.nosdeputes.fr/joelle-ceccaldi-raynaud"
"Yves Censi";"UMP";"6/20/2007";;36;"http://www.nosdeputes.fr/yves-censi"
"Guy Chambefort";"SRC";"6/20/2007";;46;"http://www.nosdeputes.fr/guy-chambefort"
"Jean-Paul Chanteguet";"SRC";"6/20/2007";;45;"http://www.nosdeputes.fr/jean-paul-chanteguet"
"Gérard Charasse";"SRC";"6/20/2007";;44;"http://www.nosdeputes.fr/gerard-charasse"
"Hervé de Charette";"NC";"6/20/2007";;33;"http://www.nosdeputes.fr/herve-de-charette"
"Jean-Paul Charié";"UMP";"6/20/2007";"11/3/2009";7;"http://www.nosdeputes.fr/jean-paul-charie"
"Jérôme Chartier";"UMP";"6/20/2007";;37;"http://www.nosdeputes.fr/jerome-chartier"
"André Chassaigne";"GDR";"6/20/2007";;45;"http://www.nosdeputes.fr/andre-chassaigne"
"Gérard Cherpion";"UMP";"6/20/2007";;48;"http://www.nosdeputes.fr/gerard-cherpion"
"Jean-François Chossy";"UMP";"6/20/2007";;45;"http://www.nosdeputes.fr/jean-francois-chossy"
"Jean-Louis Christ";"UMP";"6/20/2007";;44;"http://www.nosdeputes.fr/jean-louis-christ"
"Dino Cinieri";"UMP";"6/20/2007";;40;"http://www.nosdeputes.fr/dino-cinieri"
"Éric Ciotti";"UMP";"6/20/2007";;42;"http://www.nosdeputes.fr/eric-ciotti"
"Alain Claeys";"SRC";"6/20/2007";;40;"http://www.nosdeputes.fr/alain-claeys"
"Pascal Clément";"UMP";"6/20/2007";;32;"http://www.nosdeputes.fr/pascal-clement"
"Jean-Michel Clément";"SRC";"6/20/2007";;36;"http://www.nosdeputes.fr/jean-michel-clement"
"Marie-Françoise Clergeau";"SRC";"6/20/2007";;46;"http://www.nosdeputes.fr/marie-francoise-clergeau"
"Yves Cochet";"GDR";"6/20/2007";;41;"http://www.nosdeputes.fr/yves-cochet"
"Philippe Cochet";"UMP";"6/20/2007";;47;"http://www.nosdeputes.fr/philippe-cochet"
"Gilles Cocquempot";"SRC";"6/20/2007";;40;"http://www.nosdeputes.fr/gilles-cocquempot"
"Pierre Cohen";"SRC";"6/20/2007";;42;"http://www.nosdeputes.fr/pierre-cohen"
"Georges Colombier";"UMP";"6/20/2007";;39;"http://www.nosdeputes.fr/georges-colombier"
"Geneviève Colot";"UMP";"6/20/2007";;32;"http://www.nosdeputes.fr/genevieve-colot"
"Jean-François Copé";"UMP";"6/20/2007";;49;"http://www.nosdeputes.fr/jean-francois-cope"
"François Cornut-Gentille";"UMP";"6/20/2007";;42;"http://www.nosdeputes.fr/francois-cornut-gentille"
"Louis Cosyns";"UMP";"6/20/2007";;41;"http://www.nosdeputes.fr/louis-cosyns"
"René Couanau";"UMP";"6/20/2007";;45;"http://www.nosdeputes.fr/rene-couanau"
"Charles de Courson";"NC";"6/20/2007";;26;"http://www.nosdeputes.fr/charles-de-courson"
"Édouard Courtial";"UMP";"6/20/2007";;44;"http://www.nosdeputes.fr/edouard-courtial"
"Jean-Yves Cousin";"UMP";"6/20/2007";;39;"http://www.nosdeputes.fr/jean-yves-cousin"
"Alain Cousin";"UMP";"6/20/2007";;47;"http://www.nosdeputes.fr/alain-cousin"
"Catherine Coutelle";"SRC";"6/20/2007";;33;"http://www.nosdeputes.fr/catherine-coutelle"
"Jean-Michel Couve";"UMP";"6/20/2007";;44;"http://www.nosdeputes.fr/jean-michel-couve"
"Pascale Crozon";"SRC";"6/20/2007";;44;"http://www.nosdeputes.fr/pascale-crozon"
"Henri Cuq";"UMP";"6/20/2007";"6/11/2010";30;"http://www.nosdeputes.fr/henri-cuq"
"Frédéric Cuvillier";"SRC";"6/20/2007";;39;"http://www.nosdeputes.fr/frederic-cuvillier"
"Marie-Christine Dalloz";"UMP";"6/20/2007";;46;"http://www.nosdeputes.fr/marie-christine-dalloz"
"Claude Darciaux";"SRC";"6/20/2007";;44;"http://www.nosdeputes.fr/claude-darciaux"
"Olivier Dassault";"UMP";"6/20/2007";;42;"http://www.nosdeputes.fr/olivier-dassault"
"Marc-Philippe Daubresse";"UMP";"6/20/2007";"4/23/2010";23;"http://www.nosdeputes.fr/marc-philippe-daubresse"
"Patrice Debray";"UMP";"4/19/2008";;46;"http://www.nosdeputes.fr/patrice-debray"
"Bernard Debré";"UMP";"6/20/2007";;39;"http://www.nosdeputes.fr/bernard-debre"
"Jean-Pierre Decool";"UMP";"6/20/2007";;42;"http://www.nosdeputes.fr/jean-pierre-decool"
"Bernard Deflesselles";"UMP";"6/20/2007";;43;"http://www.nosdeputes.fr/bernard-deflesselles"
"Lucien Degauchy";"UMP";"6/20/2007";;16;"http://www.nosdeputes.fr/lucien-degauchy"
"Pascal Deguilhem";"SRC";"6/20/2007";;43;"http://www.nosdeputes.fr/pascal-deguilhem"
"Rémi Delatte";"UMP";"6/20/2007";;48;"http://www.nosdeputes.fr/remi-delatte"
"Michèle Delaunay";"SRC";"6/20/2007";;37;"http://www.nosdeputes.fr/michele-delaunay"
"Guy Delcourt";"SRC";"6/20/2007";;42;"http://www.nosdeputes.fr/guy-delcourt"
"Michel Delebarre";"SRC";"6/20/2007";;39;"http://www.nosdeputes.fr/michel-delebarre"
"Richard Dell'Agnola";"UMP";"6/20/2007";;48;"http://www.nosdeputes.fr/richard-dell-agnola"
"Sophie Delong";"UMP";"7/20/2007";;47;"http://www.nosdeputes.fr/sophie-delong"
"François Deluga";"SRC";"12/1/2008";;40;"http://www.nosdeputes.fr/francois-deluga"
"Stéphane Demilly";"NC";"6/20/2007";;24;"http://www.nosdeputes.fr/stephane-demilly"
"Yves Deniaud";"UMP";"6/20/2007";;46;"http://www.nosdeputes.fr/yves-deniaud"
"Bernard Depierre";"UMP";"6/20/2007";;45;"http://www.nosdeputes.fr/bernard-depierre"
"Bernard Derosier";"SRC";"6/20/2007";;44;"http://www.nosdeputes.fr/bernard-derosier"
"Jacques Desallangre";"GDR";"6/20/2007";;38;"http://www.nosdeputes.fr/jacques-desallangre"
"Vincent Descoeur";"UMP";"6/20/2007";;48;"http://www.nosdeputes.fr/vincent-descoeur"
"Michel Destot";"SRC";"6/20/2007";;36;"http://www.nosdeputes.fr/michel-destot"
"Nicolas Dhuicq";"UMP";"6/20/2007";;47;"http://www.nosdeputes.fr/nicolas-dhuicq"
"Éric Diard";"UMP";"6/20/2007";;43;"http://www.nosdeputes.fr/eric-diard"
"Michel Diefenbacher";"UMP";"6/20/2007";;48;"http://www.nosdeputes.fr/michel-diefenbacher"
"Jean Dionis du Séjour";"NC";"6/20/2007";;30;"http://www.nosdeputes.fr/jean-dionis-du-sejour"
"Marc Dolez";"GDR";"6/20/2007";;46;"http://www.nosdeputes.fr/marc-dolez"
"Jacques Domergue";"UMP";"6/20/2007";;39;"http://www.nosdeputes.fr/jacques-domergue"
"Jean-Pierre Door";"UMP";"6/20/2007";;43;"http://www.nosdeputes.fr/jean-pierre-door"
"Dominique Dord";"UMP";"6/20/2007";;45;"http://www.nosdeputes.fr/dominique-dord"
"René Dosière";"SRC";"6/20/2007";;42;"http://www.nosdeputes.fr/rene-dosiere"
"David Douillet";"UMP";"10/19/2009";;33;"http://www.nosdeputes.fr/david-douillet"
"Julien Dray";"SRC";"6/20/2007";;32;"http://www.nosdeputes.fr/julien-dray"
"Tony Dreyfus";"SRC";"6/20/2007";;39;"http://www.nosdeputes.fr/tony-dreyfus"
"Marianne Dubois";"UMP";"11/4/2009";;41;"http://www.nosdeputes.fr/marianne-dubois"
"Jean-Pierre Dufau";"SRC";"6/20/2007";;39;"http://www.nosdeputes.fr/jean-pierre-dufau"
"William Dumas";"SRC";"6/20/2007";;44;"http://www.nosdeputes.fr/william-dumas"
"Jean-Louis Dumont";"SRC";"6/20/2007";;36;"http://www.nosdeputes.fr/jean-louis-dumont"
"Laurence Dumont";"SRC";"6/20/2007";;43;"http://www.nosdeputes.fr/laurence-dumont"
"Cécile Dumoulin";"UMP";"4/17/2009";;46;"http://www.nosdeputes.fr/cecile-dumoulin"
"Jean-Pierre Dupont";"UMP";"6/20/2007";;44;"http://www.nosdeputes.fr/jean-pierre-dupont"
"Nicolas Dupont-Aignan";"NI";"6/20/2007";;18;"http://www.nosdeputes.fr/nicolas-dupont-aignan"
"Jean-Paul Dupré";"SRC";"6/20/2007";;39;"http://www.nosdeputes.fr/jean-paul-dupre"
"Yves Durand";"SRC";"6/20/2007";;35;"http://www.nosdeputes.fr/yves-durand"
"Raymond Durand";"NC";"6/2/2008";;41;"http://www.nosdeputes.fr/raymond-durand"
"Odette Duriez";"SRC";"6/20/2007";;47;"http://www.nosdeputes.fr/odette-duriez"
"Philippe Duron";"SRC";"6/20/2007";;42;"http://www.nosdeputes.fr/philippe-duron"
"Olivier Dussopt";"SRC";"6/20/2007";;44;"http://www.nosdeputes.fr/olivier-dussopt"
"Christian Eckert";"SRC";"6/20/2007";;32;"http://www.nosdeputes.fr/christian-eckert"
"Henri Emmanuelli";"SRC";"6/20/2007";;33;"http://www.nosdeputes.fr/henri-emmanuelli"
"Corinne Erhel";"SRC";"6/20/2007";;39;"http://www.nosdeputes.fr/corinne-erhel"
"Gilles d'Ettore";"UMP";"6/20/2007";;38;"http://www.nosdeputes.fr/gilles-d-ettore"
"Laurent Fabius";"SRC";"6/20/2007";;40;"http://www.nosdeputes.fr/laurent-fabius"
"Albert Facon";"SRC";"6/20/2007";;47;"http://www.nosdeputes.fr/albert-facon"
"Daniel Fasquelle";"UMP";"6/20/2007";;44;"http://www.nosdeputes.fr/daniel-fasquelle"
"Martine Faure";"SRC";"6/20/2007";;45;"http://www.nosdeputes.fr/martine-faure"
"Yannick Favennec";"UMP";"6/20/2007";;43;"http://www.nosdeputes.fr/yannick-favennec"
"Hervé Féron";"SRC";"6/20/2007";;43;"http://www.nosdeputes.fr/herve-feron"
"Jean-Michel Ferrand";"UMP";"6/20/2007";;49;"http://www.nosdeputes.fr/jean-michel-ferrand"
"Alain Ferry";"UMP";"6/20/2007";;44;"http://www.nosdeputes.fr/alain-ferry"
"Daniel Fidelin";"UMP";"6/20/2007";;43;"http://www.nosdeputes.fr/daniel-fidelin"
"Aurélie Filippetti";"SRC";"6/20/2007";;38;"http://www.nosdeputes.fr/aurelie-filippetti"
"Geneviève Fioraso";"SRC";"6/20/2007";;37;"http://www.nosdeputes.fr/genevieve-fioraso"
"André Flajolet";"UMP";"6/20/2007";;45;"http://www.nosdeputes.fr/andre-flajolet"
"Jean-Claude Flory";"UMP";"6/20/2007";;45;"http://www.nosdeputes.fr/jean-claude-flory"
"Philippe Folliot";"NC";"6/20/2007";;28;"http://www.nosdeputes.fr/philippe-folliot"
"Pierre Forgues";"SRC";"6/20/2007";;39;"http://www.nosdeputes.fr/pierre-forgues"
"Nicolas Forissier";"UMP";"6/20/2007";;43;"http://www.nosdeputes.fr/nicolas-forissier"
"Marie-Louise Fort";"UMP";"6/20/2007";;46;"http://www.nosdeputes.fr/marie-louise-fort"
"Jean-Michel Fourgous";"UMP";"6/20/2007";;34;"http://www.nosdeputes.fr/jean-michel-fourgous"
"Valérie Fourneyron";"SRC";"6/20/2007";;35;"http://www.nosdeputes.fr/valerie-fourneyron"
"Marc Francina";"UMP";"6/20/2007";;48;"http://www.nosdeputes.fr/marc-francina"
"Arlette Franco";"UMP";"6/20/2007";"4/1/2010";27;"http://www.nosdeputes.fr/arlette-franco"
"Michel Françaix";"SRC";"6/20/2007";;40;"http://www.nosdeputes.fr/michel-francaix"
"Jacqueline Fraysse";"GDR";"6/20/2007";;40;"http://www.nosdeputes.fr/jacqueline-fraysse"
"Pierre Frogier";"UMP";"6/20/2007";;42;"http://www.nosdeputes.fr/pierre-frogier"
"Yves Fromion";"UMP";"6/20/2007";;45;"http://www.nosdeputes.fr/yves-fromion"
"Jean-Claude Fruteau";"SRC";"6/20/2007";;39;"http://www.nosdeputes.fr/jean-claude-fruteau"
"Jean-Louis Gagnaire";"SRC";"6/20/2007";;43;"http://www.nosdeputes.fr/jean-louis-gagnaire"
"Geneviève Gaillard";"SRC";"6/20/2007";;44;"http://www.nosdeputes.fr/genevieve-gaillard"
"Cécile Gallez";"UMP";"7/20/2007";;45;"http://www.nosdeputes.fr/cecile-gallez"
"Sauveur Gandolfi-Scheit";"UMP";"6/20/2007";;44;"http://www.nosdeputes.fr/sauveur-gandolfi-scheit"
"Guillaume Garot";"SRC";"6/20/2007";;33;"http://www.nosdeputes.fr/guillaume-garot"
"Jean-Paul Garraud";"UMP";"6/20/2007";;37;"http://www.nosdeputes.fr/jean-paul-garraud"
"Daniel Garrigue";"NI";"6/20/2007";;27;"http://www.nosdeputes.fr/daniel-garrigue"
"Claude Gatignol";"UMP";"6/20/2007";;35;"http://www.nosdeputes.fr/claude-gatignol"
"Jean Gaubert";"SRC";"6/20/2007";;41;"http://www.nosdeputes.fr/jean-gaubert"
"Gérard Gaudron";"UMP";"6/20/2007";;48;"http://www.nosdeputes.fr/gerard-gaudron"
"Jean-Jacques Gaultier";"UMP";"6/20/2007";;43;"http://www.nosdeputes.fr/jean-jacques-gaultier"
"Hervé Gaymard";"UMP";"6/20/2007";;40;"http://www.nosdeputes.fr/herve-gaymard"
"Catherine Génisson";"SRC";"6/20/2007";;39;"http://www.nosdeputes.fr/catherine-genisson"
"Guy Geoffroy";"UMP";"6/20/2007";;49;"http://www.nosdeputes.fr/guy-geoffroy"
"Bernard Gérard";"UMP";"6/20/2007";;47;"http://www.nosdeputes.fr/bernard-gerard"
"André Gerin";"GDR";"6/20/2007";;38;"http://www.nosdeputes.fr/andre-gerin"
"Alain Gest";"UMP";"6/20/2007";;39;"http://www.nosdeputes.fr/alain-gest"
"Paul Giacobbi";"SRC";"6/20/2007";;20;"http://www.nosdeputes.fr/paul-giacobbi"
"Franck Gilard";"UMP";"6/20/2007";;49;"http://www.nosdeputes.fr/franck-gilard"
"Jean-Patrick Gille";"SRC";"6/20/2007";;34;"http://www.nosdeputes.fr/jean-patrick-gille"
"Georges Ginesta";"UMP";"6/20/2007";;45;"http://www.nosdeputes.fr/georges-ginesta"
"Charles-Ange Ginesy";"UMP";"7/23/2009";;41;"http://www.nosdeputes.fr/charles-ange-ginesy"
"Jean-Pierre Giran";"UMP";"6/20/2007";;44;"http://www.nosdeputes.fr/jean-pierre-giran"
"Annick Girardin";"SRC";"6/20/2007";;39;"http://www.nosdeputes.fr/annick-girardin"
"Joël Giraud";"SRC";"6/20/2007";;33;"http://www.nosdeputes.fr/joel-giraud"
"Louis Giscard d'Estaing";"UMP";"6/20/2007";;39;"http://www.nosdeputes.fr/louis-giscard-d-estaing"
"Jean Glavany";"SRC";"6/20/2007";;35;"http://www.nosdeputes.fr/jean-glavany"
"Claude Goasguen";"UMP";"6/20/2007";;39;"http://www.nosdeputes.fr/claude-goasguen"
"Daniel Goldberg";"SRC";"6/20/2007";;44;"http://www.nosdeputes.fr/daniel-goldberg"
"François-Michel Gonnot";"UMP";"6/20/2007";;28;"http://www.nosdeputes.fr/francois-michel-gonnot"
"Didier Gonzales";"UMP";"6/20/2007";;41;"http://www.nosdeputes.fr/didier-gonzales"
"Gaëtan Gorce";"SRC";"6/20/2007";;37;"http://www.nosdeputes.fr/gaetan-gorce"
"Jean-Pierre Gorges";"UMP";"9/15/2008";;46;"http://www.nosdeputes.fr/jean-pierre-gorges"
"Pierre Gosnat";"GDR";"6/20/2007";;41;"http://www.nosdeputes.fr/pierre-gosnat"
"Philippe Gosselin";"UMP";"6/20/2007";;45;"http://www.nosdeputes.fr/philippe-gosselin"
"Pascale Got";"SRC";"6/20/2007";;41;"http://www.nosdeputes.fr/pascale-got"
"Marc Goua";"SRC";"6/20/2007";;46;"http://www.nosdeputes.fr/marc-goua"
"Philippe Goujon";"UMP";"6/20/2007";;46;"http://www.nosdeputes.fr/philippe-goujon"
"François Goulard";"UMP";"6/20/2007";;44;"http://www.nosdeputes.fr/francois-goulard"
"Michel Grall";"UMP";"6/20/2007";;45;"http://www.nosdeputes.fr/michel-grall"
"Jean-Pierre Grand";"UMP";"6/20/2007";;40;"http://www.nosdeputes.fr/jean-pierre-grand"
"Claude Greff";"UMP";"6/20/2007";;47;"http://www.nosdeputes.fr/claude-greff"
"Jean Grellier";"SRC";"6/20/2007";;40;"http://www.nosdeputes.fr/jean-grellier"
"Maxime Gremetz";"GDR";"6/20/2007";;35;"http://www.nosdeputes.fr/maxime-gremetz"
"Jean Grenet";"UMP";"6/20/2007";;45;"http://www.nosdeputes.fr/jean-grenet"
"Anne Grommerch";"UMP";"11/17/2008";;45;"http://www.nosdeputes.fr/anne-grommerch"
"François Grosdidier";"UMP";"6/20/2007";;38;"http://www.nosdeputes.fr/francois-grosdidier"
"Jacques Grosperrin";"UMP";"6/20/2007";;47;"http://www.nosdeputes.fr/jacques-grosperrin"
"Arlette Grosskost";"UMP";"6/20/2007";;47;"http://www.nosdeputes.fr/arlette-grosskost"
"Serge Grouard";"UMP";"6/20/2007";;44;"http://www.nosdeputes.fr/serge-grouard"
"Louis Guédon";"UMP";"6/20/2007";;41;"http://www.nosdeputes.fr/louis-guedon"
"Françoise Guégot";"UMP";"6/20/2007";;46;"http://www.nosdeputes.fr/francoise-guegot"
"Jean-Claude Guibal";"UMP";"6/20/2007";;46;"http://www.nosdeputes.fr/jean-claude-guibal"
"Élisabeth Guigou";"SRC";"6/20/2007";;41;"http://www.nosdeputes.fr/elisabeth-guigou"
"Jean-Jacques Guillet";"UMP";"6/20/2007";;42;"http://www.nosdeputes.fr/jean-jacques-guillet"
"Christophe Guilloteau";"UMP";"6/20/2007";;44;"http://www.nosdeputes.fr/christophe-guilloteau"
"David Habib";"SRC";"6/20/2007";;30;"http://www.nosdeputes.fr/david-habib"
"Gérard Hamel";"UMP";"6/20/2007";;44;"http://www.nosdeputes.fr/gerard-hamel"
"Michel Havard";"UMP";"6/20/2007";;40;"http://www.nosdeputes.fr/michel-havard"
"Michel Heinrich";"UMP";"6/20/2007";;46;"http://www.nosdeputes.fr/michel-heinrich"
"Laurent Hénart";"UMP";"6/20/2007";;40;"http://www.nosdeputes.fr/laurent-henart"
"Michel Herbillon";"UMP";"6/20/2007";;46;"http://www.nosdeputes.fr/michel-herbillon"
"Antoine Herth";"UMP";"6/20/2007";;45;"http://www.nosdeputes.fr/antoine-herth"
"Francis Hillmeyer";"NC";"6/20/2007";;34;"http://www.nosdeputes.fr/francis-hillmeyer"
"Danièle Hoffman-Rispal";"SRC";"6/20/2007";;35;"http://www.nosdeputes.fr/daniele-hoffman-rispal"
"François Hollande";"SRC";"6/20/2007";;33;"http://www.nosdeputes.fr/francois-hollande"
"Françoise Hostalier";"UMP";"6/20/2007";;44;"http://www.nosdeputes.fr/francoise-hostalier"
"Philippe Houillon";"UMP";"6/20/2007";;46;"http://www.nosdeputes.fr/philippe-houillon"
"Jacques Houssin";"UMP";"4/23/2010";;21;"http://www.nosdeputes.fr/jacques-houssin"
"Guénhaël Huet";"UMP";"6/20/2007";;44;"http://www.nosdeputes.fr/guenhael-huet"
"Michel Hunault";"NC";"6/20/2007";;32;"http://www.nosdeputes.fr/michel-hunault"
"Sandrine Hurel";"SRC";"6/20/2007";;43;"http://www.nosdeputes.fr/sandrine-hurel"
"Christian Hutin";"SRC";"6/20/2007";;41;"http://www.nosdeputes.fr/christian-hutin"
"Sébastien Huyghe";"UMP";"6/20/2007";;41;"http://www.nosdeputes.fr/sebastien-huyghe"
"Monique Iborra";"SRC";"6/20/2007";;38;"http://www.nosdeputes.fr/monique-iborra"
"Jean-Louis Idiart";"SRC";"6/20/2007";;36;"http://www.nosdeputes.fr/jean-louis-idiart"
"Françoise Imbert";"SRC";"6/20/2007";;45;"http://www.nosdeputes.fr/francoise-imbert"
"Jacqueline Irles";"UMP";"6/20/2007";;41;"http://www.nosdeputes.fr/jacqueline-irles"
"Michel Issindou";"SRC";"6/20/2007";;46;"http://www.nosdeputes.fr/michel-issindou"
"Christian Jacob";"UMP";"6/20/2007";;43;"http://www.nosdeputes.fr/christian-jacob"
"Denis Jacquat";"UMP";"6/20/2007";;49;"http://www.nosdeputes.fr/denis-jacquat"
"Éric Jalton";"SRC";"6/20/2007";;39;"http://www.nosdeputes.fr/eric-jalton"
"Serge Janquin";"SRC";"6/20/2007";;42;"http://www.nosdeputes.fr/serge-janquin"
"Olivier Jardé";"NC";"6/20/2007";;29;"http://www.nosdeputes.fr/olivier-jarde"
"Paul Jeanneteau";"UMP";"7/20/2007";;47;"http://www.nosdeputes.fr/paul-jeanneteau"
"Yves Jego";"UMP";"7/24/2009";;41;"http://www.nosdeputes.fr/yves-jego"
"Henri Jibrayel";"SRC";"6/20/2007";;42;"http://www.nosdeputes.fr/henri-jibrayel"
"Maryse Joissains-Masini";"UMP";"6/20/2007";;38;"http://www.nosdeputes.fr/maryse-joissains-masini"
"Marc Joulaud";"UMP";"7/20/2007";;48;"http://www.nosdeputes.fr/marc-joulaud"
"Régis Juanico";"SRC";"6/20/2007";;38;"http://www.nosdeputes.fr/regis-juanico"
"Didier Julia";"UMP";"6/20/2007";;43;"http://www.nosdeputes.fr/didier-julia"
"Armand Jung";"SRC";"6/20/2007";;44;"http://www.nosdeputes.fr/armand-jung"
"Marietta Karamanli";"SRC";"6/20/2007";;41;"http://www.nosdeputes.fr/marietta-karamanli"
"Christian Kert";"UMP";"6/20/2007";;40;"http://www.nosdeputes.fr/christian-kert"
"Jacques Kossowski";"UMP";"6/20/2007";;46;"http://www.nosdeputes.fr/jacques-kossowski"
"Jean-Pierre Kucheida";"SRC";"6/20/2007";;41;"http://www.nosdeputes.fr/jean-pierre-kucheida"
"Laure de La Raudière";"UMP";"6/20/2007";;46;"http://www.nosdeputes.fr/laure-de-la-raudiere"
"Charles de La Verpillière";"UMP";"6/20/2007";;42;"http://www.nosdeputes.fr/charles-de-la-verpilliere"
"Patrick Labaune";"UMP";"6/20/2007";;41;"http://www.nosdeputes.fr/patrick-labaune"
"Fabienne Labrette-Ménager";"UMP";"6/20/2007";;45;"http://www.nosdeputes.fr/fabienne-labrette-menager"
"Yvan Lachaud";"NC";"6/20/2007";;32;"http://www.nosdeputes.fr/yvan-lachaud"
"Conchita Lacuey";"SRC";"6/20/2007";;44;"http://www.nosdeputes.fr/conchita-lacuey"
"Marc Laffineur";"UMP";"6/20/2007";;48;"http://www.nosdeputes.fr/marc-laffineur"
"Jean-Christophe Lagarde";"NC";"6/20/2007";;31;"http://www.nosdeputes.fr/jean-christophe-lagarde"
"Jérôme Lambert";"SRC";"6/20/2007";;39;"http://www.nosdeputes.fr/jerome-lambert"
"Jacques Lamblin";"UMP";"6/20/2007";;44;"http://www.nosdeputes.fr/jacques-lamblin"
"Marguerite Lamour";"UMP";"6/20/2007";;36;"http://www.nosdeputes.fr/marguerite-lamour"
"Jean-François Lamour";"UMP";"6/20/2007";;48;"http://www.nosdeputes.fr/jean-francois-lamour"
"François Lamy";"SRC";"6/20/2007";;36;"http://www.nosdeputes.fr/francois-lamy"
"Jack Lang";"SRC";"6/20/2007";;25;"http://www.nosdeputes.fr/jack-lang"
"Pierre Lang";"UMP";"6/20/2007";;37;"http://www.nosdeputes.fr/pierre-lang"
"Colette Langlade";"SRC";"3/7/2008";;42;"http://www.nosdeputes.fr/colette-langlade"
"Pierre Lasbordes";"UMP";"6/20/2007";;45;"http://www.nosdeputes.fr/pierre-lasbordes"
"Jean Lassalle";"NI";"6/20/2007";;14;"http://www.nosdeputes.fr/jean-lassalle"
"Jean Launay";"SRC";"6/20/2007";;46;"http://www.nosdeputes.fr/jean-launay"
"Thierry Lazaro";"UMP";"6/20/2007";;43;"http://www.nosdeputes.fr/thierry-lazaro"
"Jean-Yves Le Bouillonnec";"SRC";"6/20/2007";;42;"http://www.nosdeputes.fr/jean-yves-le-bouillonnec"
"Gilbert Le Bris";"SRC";"6/20/2007";;39;"http://www.nosdeputes.fr/gilbert-le-bris"
"Jean-Yves Le Déaut";"SRC";"6/20/2007";;35;"http://www.nosdeputes.fr/jean-yves-le-deaut"
"Marc Le Fur";"UMP";"6/20/2007";;41;"http://www.nosdeputes.fr/marc-le-fur"
"Jean-Marie Le Guen";"SRC";"6/20/2007";;27;"http://www.nosdeputes.fr/jean-marie-le-guen"
"Jacques Le Guen";"UMP";"6/20/2007";;42;"http://www.nosdeputes.fr/jacques-le-guen"
"Annick Le Loch";"SRC";"6/20/2007";;34;"http://www.nosdeputes.fr/annick-le-loch"
"Dominique Le Mèner";"UMP";"6/20/2007";;35;"http://www.nosdeputes.fr/dominique-le-mener"
"Colette Le Moal";"NC";"4/19/2008";;44;"http://www.nosdeputes.fr/colette-le-moal"
"Jacques Le Nay";"UMP";"6/20/2007";;41;"http://www.nosdeputes.fr/jacques-le-nay"
"Bruno Le Roux";"SRC";"6/20/2007";;41;"http://www.nosdeputes.fr/bruno-le-roux"
"Marylise Lebranchu";"SRC";"6/20/2007";;36;"http://www.nosdeputes.fr/marylise-lebranchu"
"Patrick Lebreton";"SRC";"6/20/2007";;30;"http://www.nosdeputes.fr/patrick-lebreton"
"Jean-Paul Lecoq";"GDR";"6/20/2007";;44;"http://www.nosdeputes.fr/jean-paul-lecoq"
"Robert Lecou";"UMP";"6/20/2007";;42;"http://www.nosdeputes.fr/robert-lecou"
"Michel Lefait";"SRC";"6/20/2007";;37;"http://www.nosdeputes.fr/michel-lefait"
"Jean-Marc Lefranc";"UMP";"6/20/2007";;44;"http://www.nosdeputes.fr/jean-marc-lefranc"
"Guy Lefrand";"UMP";"1/13/2009";;42;"http://www.nosdeputes.fr/guy-lefrand"
"Michel Lejeune";"UMP";"6/20/2007";;48;"http://www.nosdeputes.fr/michel-lejeune"
"Patrick Lemasle";"SRC";"6/20/2007";;43;"http://www.nosdeputes.fr/patrick-lemasle"
"Catherine Lemorton";"SRC";"6/20/2007";;41;"http://www.nosdeputes.fr/catherine-lemorton"
"Jean-Claude Lenoir";"UMP";"6/20/2007";;46;"http://www.nosdeputes.fr/jean-claude-lenoir"
"Jean-Louis Léonard";"UMP";"6/20/2007";;41;"http://www.nosdeputes.fr/jean-louis-leonard"
"Jean Leonetti";"UMP";"6/20/2007";;48;"http://www.nosdeputes.fr/jean-leonetti"
"Annick Lepetit";"SRC";"6/20/2007";;37;"http://www.nosdeputes.fr/annick-lepetit"
"Pierre Lequiller";"UMP";"6/20/2007";;49;"http://www.nosdeputes.fr/pierre-lequiller"
"Jean-Claude Leroy";"SRC";"6/20/2007";;36;"http://www.nosdeputes.fr/jean-claude-leroy"
"Maurice Leroy";"NC";"6/20/2007";;40;"http://www.nosdeputes.fr/maurice-leroy"
"Bernard Lesterlin";"SRC";"6/20/2007";;42;"http://www.nosdeputes.fr/bernard-lesterlin"
"Serge Letchimy";"SRC";"6/20/2007";;42;"http://www.nosdeputes.fr/serge-letchimy"
"Claude Leteurtre";"NC";"6/20/2007";;39;"http://www.nosdeputes.fr/claude-leteurtre"
"Céleste Lett";"UMP";"6/20/2007";;48;"http://www.nosdeputes.fr/celeste-lett"
"Geneviève Levy";"UMP";"6/20/2007";;48;"http://www.nosdeputes.fr/genevieve-levy"
"Michel Lezeau";"UMP";"7/20/2007";;48;"http://www.nosdeputes.fr/michel-lezeau"
"Michel Liebgott";"SRC";"6/20/2007";;41;"http://www.nosdeputes.fr/michel-liebgott"
"Martine Lignières-Cassou";"SRC";"6/20/2007";;38;"http://www.nosdeputes.fr/martine-lignieres-cassou"
"Apeleto Albert Likuvalu";"SRC";"6/20/2007";;34;"http://www.nosdeputes.fr/apeleto-albert-likuvalu"
"François Loncle";"SRC";"6/20/2007";;41;"http://www.nosdeputes.fr/francois-loncle"
"François Loos";"UMP";"6/20/2007";;45;"http://www.nosdeputes.fr/francois-loos"
"Gérard Lorgeoux";"UMP";"6/20/2007";;47;"http://www.nosdeputes.fr/gerard-lorgeoux"
"Gabrielle Louis-Carabin";"UMP";"6/20/2007";;45;"http://www.nosdeputes.fr/gabrielle-louis-carabin"
"Lionnel Luca";"UMP";"6/20/2007";;43;"http://www.nosdeputes.fr/lionnel-luca"
"Victorin Lurel";"SRC";"6/20/2007";;35;"http://www.nosdeputes.fr/victorin-lurel"
"Daniel Mach";"UMP";"6/20/2007";;43;"http://www.nosdeputes.fr/daniel-mach"
"Guy Malherbe";"UMP";"7/20/2007";;39;"http://www.nosdeputes.fr/guy-malherbe"
"Richard Mallié";"UMP";"6/20/2007";;46;"http://www.nosdeputes.fr/richard-mallie"
"Jean Mallot";"SRC";"6/20/2007";;45;"http://www.nosdeputes.fr/jean-mallot"
"Noël Mamère";"GDR";"6/20/2007";;40;"http://www.nosdeputes.fr/noel-mamere"
"Jean-François Mancel";"UMP";"6/20/2007";;48;"http://www.nosdeputes.fr/jean-francois-mancel"
"Louis-Joseph Manscour";"SRC";"6/20/2007";;43;"http://www.nosdeputes.fr/louis-joseph-manscour"
"Jacqueline Maquet";"SRC";"6/20/2007";;45;"http://www.nosdeputes.fr/jacqueline-maquet"
"Jeanny Marc";"SRC";"6/20/2007";;28;"http://www.nosdeputes.fr/jeanny-marc"
"Alain Marc";"UMP";"6/20/2007";;39;"http://www.nosdeputes.fr/alain-marc"
"Marie-Lou Marcel";"SRC";"6/20/2007";;42;"http://www.nosdeputes.fr/marie-lou-marcel"
"Jean-Pierre Marcon";"UMP";"7/20/2007";;45;"http://www.nosdeputes.fr/jean-pierre-marcon"
"Thierry Mariani";"UMP";"6/20/2007";;43;"http://www.nosdeputes.fr/thierry-mariani"
"Alfred Marie-Jeanne";"GDR";"6/20/2007";;24;"http://www.nosdeputes.fr/alfred-marie-jeanne"
"Christine Marin";"UMP";"6/20/2007";;44;"http://www.nosdeputes.fr/christine-marin"
"Hervé Mariton";"UMP";"6/20/2007";;36;"http://www.nosdeputes.fr/herve-mariton"
"Muriel Marland-Militello";"UMP";"6/20/2007";;40;"http://www.nosdeputes.fr/muriel-marland-militello"
"Franck Marlin";"UMP";"6/20/2007";;27;"http://www.nosdeputes.fr/franck-marlin"
"Jean-René Marsac";"SRC";"6/20/2007";;44;"http://www.nosdeputes.fr/jean-rene-marsac"
"Philippe Martin";"SRC";"6/20/2007";;32;"http://www.nosdeputes.fr/philippe-martin"
"Philippe Armand Martin";"UMP";"6/20/2007";;40;"http://www.nosdeputes.fr/philippe-armand-martin"
"Patrice Martin-Lalande";"UMP";"6/20/2007";;46;"http://www.nosdeputes.fr/patrice-martin-lalande"
"Martine Martinel";"SRC";"6/20/2007";;43;"http://www.nosdeputes.fr/martine-martinel"
"Henriette Martinez";"UMP";"6/20/2007";;49;"http://www.nosdeputes.fr/henriette-martinez"
"Alain Marty";"UMP";"6/20/2007";;48;"http://www.nosdeputes.fr/alain-marty"
"Frédérique Massat";"SRC";"6/20/2007";;45;"http://www.nosdeputes.fr/frederique-massat"
"Jean-Claude Mathis";"UMP";"6/20/2007";;43;"http://www.nosdeputes.fr/jean-claude-mathis"
"Gilbert Mathon";"SRC";"6/20/2007";;43;"http://www.nosdeputes.fr/gilbert-mathon"
"Didier Mathus";"SRC";"6/20/2007";;36;"http://www.nosdeputes.fr/didier-mathus"
"Jean-Philippe Maurer";"UMP";"6/20/2007";;49;"http://www.nosdeputes.fr/jean-philippe-maurer"
"Sandrine Mazetier";"SRC";"6/20/2007";;36;"http://www.nosdeputes.fr/sandrine-mazetier"
"Pierre Méhaignerie";"UMP";"6/20/2007";;37;"http://www.nosdeputes.fr/pierre-mehaignerie"
"Christian Ménard";"UMP";"6/20/2007";;47;"http://www.nosdeputes.fr/christian-menard"
"Gérard Menuel";"UMP";"4/23/2010";;19;"http://www.nosdeputes.fr/gerard-menuel"
"Damien Meslot";"UMP";"6/20/2007";;41;"http://www.nosdeputes.fr/damien-meslot"
"Kléber Mesquida";"SRC";"6/20/2007";;45;"http://www.nosdeputes.fr/kleber-mesquida"
"Philippe Meunier";"UMP";"6/20/2007";;41;"http://www.nosdeputes.fr/philippe-meunier"
"Jean Michel";"SRC";"6/20/2007";;35;"http://www.nosdeputes.fr/jean-michel"
"Didier Migaud";"SRC";"6/20/2007";"3/1/2010";23;"http://www.nosdeputes.fr/didier-migaud"
"Jean-Claude Mignon";"UMP";"6/20/2007";;46;"http://www.nosdeputes.fr/jean-claude-mignon"
"Marie-Anne Montchamp";"UMP";"6/20/2007";;30;"http://www.nosdeputes.fr/marie-anne-montchamp"
"Arnaud Montebourg";"SRC";"6/20/2007";;36;"http://www.nosdeputes.fr/arnaud-montebourg"
"Pierre Morange";"UMP";"6/20/2007";;42;"http://www.nosdeputes.fr/pierre-morange"
"Pierre Morel-A-L'Huissier";"UMP";"6/20/2007";;44;"http://www.nosdeputes.fr/pierre-morel-a-l-huissier"
"Philippe Morenvillier";"UMP";"4/20/2008";;46;"http://www.nosdeputes.fr/philippe-morenvillier"
"Jean-Marie Morisset";"UMP";"6/20/2007";;49;"http://www.nosdeputes.fr/jean-marie-morisset"
"Pierre Moscovici";"SRC";"6/20/2007";;37;"http://www.nosdeputes.fr/pierre-moscovici"
"Georges Mothron";"UMP";"6/20/2007";;46;"http://www.nosdeputes.fr/georges-mothron"
"Étienne Mourrut";"UMP";"6/20/2007";;48;"http://www.nosdeputes.fr/etienne-mourrut"
"Alain Moyne-Bressand";"UMP";"6/20/2007";;48;"http://www.nosdeputes.fr/alain-moyne-bressand"
"Pierre-Alain Muet";"SRC";"6/20/2007";;40;"http://www.nosdeputes.fr/pierre-alain-muet"
"Renaud Muselier";"UMP";"6/20/2007";;44;"http://www.nosdeputes.fr/renaud-muselier"
"Roland Muzeau";"GDR";"6/20/2007";;46;"http://www.nosdeputes.fr/roland-muzeau"
"Jacques Myard";"UMP";"6/20/2007";;45;"http://www.nosdeputes.fr/jacques-myard"
"Michel Ménard";"SRC";"6/20/2007";;41;"http://www.nosdeputes.fr/michel-menard"
"Philippe Nauche";"SRC";"6/20/2007";;44;"http://www.nosdeputes.fr/philippe-nauche"
"Henri Nayrou";"SRC";"6/20/2007";;42;"http://www.nosdeputes.fr/henri-nayrou"
"Alain Néri";"SRC";"6/20/2007";;46;"http://www.nosdeputes.fr/alain-neri"
"Jean-Marc Nesme";"UMP";"6/20/2007";;35;"http://www.nosdeputes.fr/jean-marc-nesme"
"Jean-Pierre Nicolas";"UMP";"6/20/2007";;47;"http://www.nosdeputes.fr/jean-pierre-nicolas"
"Yves Nicolin";"UMP";"6/20/2007";;44;"http://www.nosdeputes.fr/yves-nicolin"
"Marie-Renée Oget";"SRC";"6/20/2007";;39;"http://www.nosdeputes.fr/marie-renee-oget"
"Françoise Olivier-Coupeau";"SRC";"6/20/2007";;41;"http://www.nosdeputes.fr/francoise-olivier-coupeau"
"Patrick Ollier";"UMP";"6/20/2007";;46;"http://www.nosdeputes.fr/patrick-ollier"
"Dominique Orliac";"SRC";"6/20/2007";;36;"http://www.nosdeputes.fr/dominique-orliac"
"Michel Pajon";"SRC";"6/20/2007";;40;"http://www.nosdeputes.fr/michel-pajon"
"Françoise de Panafieu";"UMP";"6/20/2007";;42;"http://www.nosdeputes.fr/francoise-de-panafieu"
"Bertrand Pancher";"UMP";"6/20/2007";;40;"http://www.nosdeputes.fr/bertrand-pancher"
"Yanick Paternotte";"UMP";"6/20/2007";;46;"http://www.nosdeputes.fr/yanick-paternotte"
"Christian Patria";"UMP";"7/20/2007";;49;"http://www.nosdeputes.fr/christian-patria"
"George Pau-Langevin";"SRC";"6/20/2007";;37;"http://www.nosdeputes.fr/george-pau-langevin"
"Christian Paul";"SRC";"6/20/2007";;38;"http://www.nosdeputes.fr/christian-paul"
"Daniel Paul";"GDR";"6/20/2007";;44;"http://www.nosdeputes.fr/daniel-paul"
"Béatrice Pavy";"UMP";"6/20/2007";;41;"http://www.nosdeputes.fr/beatrice-pavy"
"Germinal Peiro";"SRC";"6/20/2007";;39;"http://www.nosdeputes.fr/germinal-peiro"
"Jacques Pélissard";"UMP";"6/20/2007";;42;"http://www.nosdeputes.fr/jacques-pelissard"
"Jean-Luc Pérat";"SRC";"6/20/2007";;44;"http://www.nosdeputes.fr/jean-luc-perat"
"Dominique Perben";"UMP";"6/20/2007";;45;"http://www.nosdeputes.fr/dominique-perben"
"Jean-Claude Perez";"SRC";"6/20/2007";;39;"http://www.nosdeputes.fr/jean-claude-perez"
"Marie-Françoise Pérol-Dumont";"SRC";"6/20/2007";;42;"http://www.nosdeputes.fr/marie-francoise-perol-dumont"
"Nicolas Perruchot";"NC";"6/20/2007";;28;"http://www.nosdeputes.fr/nicolas-perruchot"
"Bernard Perrut";"UMP";"6/20/2007";;45;"http://www.nosdeputes.fr/bernard-perrut"
"Sylvia Pinel";"SRC";"6/20/2007";;42;"http://www.nosdeputes.fr/sylvia-pinel"
"Étienne Pinte";"UMP";"6/20/2007";;35;"http://www.nosdeputes.fr/etienne-pinte"
"Martine Pinville";"SRC";"6/20/2007";;38;"http://www.nosdeputes.fr/martine-pinville"
"Michel Piron";"UMP";"6/20/2007";;42;"http://www.nosdeputes.fr/michel-piron"
"Henri Plagnol";"UMP";"6/20/2007";;42;"http://www.nosdeputes.fr/henri-plagnol"
"Philippe Plisson";"SRC";"6/20/2007";;45;"http://www.nosdeputes.fr/philippe-plisson"
"Serge Poignant";"UMP";"6/20/2007";;46;"http://www.nosdeputes.fr/serge-poignant"
"Jean-Frédéric Poisson";"UMP";"9/28/2009";"5/20/2010";34;"http://www.nosdeputes.fr/jean-frederic-poisson"
"Bérengère Poletti";"UMP";"6/20/2007";;46;"http://www.nosdeputes.fr/berengere-poletti"
"Axel Poniatowski";"UMP";"6/20/2007";;43;"http://www.nosdeputes.fr/axel-poniatowski"
"Josette Pons";"UMP";"6/20/2007";;49;"http://www.nosdeputes.fr/josette-pons"
"Daniel Poulou";"UMP";"7/20/2007";;48;"http://www.nosdeputes.fr/daniel-poulou"
"Jean-Luc Préel";"NC";"6/20/2007";;38;"http://www.nosdeputes.fr/jean-luc-preel"
"Sophie Primas";"UMP";"6/11/2010";;6;"http://www.nosdeputes.fr/sophie-primas"
"Christophe Priou";"UMP";"6/20/2007";;34;"http://www.nosdeputes.fr/christophe-priou"
"Jean Proriol";"UMP";"6/20/2007";;44;"http://www.nosdeputes.fr/jean-proriol"
"François Pupponi";"SRC";"12/16/2007";;26;"http://www.nosdeputes.fr/francois-pupponi"
"Didier Quentin";"UMP";"6/20/2007";;47;"http://www.nosdeputes.fr/didier-quentin"
"Catherine Quéré";"SRC";"6/20/2007";;46;"http://www.nosdeputes.fr/catherine-quere"
"Jean-Jack Queyranne";"SRC";"6/20/2007";;34;"http://www.nosdeputes.fr/jean-jack-queyranne"
"Dominique Raimbourg";"SRC";"6/20/2007";;44;"http://www.nosdeputes.fr/dominique-raimbourg"
"Michel Raison";"UMP";"6/20/2007";;39;"http://www.nosdeputes.fr/michel-raison"
"Éric Raoult";"UMP";"6/20/2007";;33;"http://www.nosdeputes.fr/eric-raoult"
"Frédéric Reiss";"UMP";"6/20/2007";;45;"http://www.nosdeputes.fr/frederic-reiss"
"Jean-Luc Reitzer";"UMP";"6/20/2007";;33;"http://www.nosdeputes.fr/jean-luc-reitzer"
"Jacques Remiller";"UMP";"6/20/2007";;44;"http://www.nosdeputes.fr/jacques-remiller"
"Simon Renucci";"SRC";"6/20/2007";;37;"http://www.nosdeputes.fr/simon-renucci"
"Marie-Line Reynaud";"SRC";"6/20/2007";;47;"http://www.nosdeputes.fr/marie-line-reynaud"
"Bernard Reynès";"UMP";"6/20/2007";;41;"http://www.nosdeputes.fr/bernard-reynes"
"Franck Reynier";"UMP";"6/20/2007";;49;"http://www.nosdeputes.fr/franck-reynier"
"Arnaud Richard";"UMP";"6/5/2010";;8;"http://www.nosdeputes.fr/arnaud-richard"
"Franck Riester";"UMP";"6/20/2007";;48;"http://www.nosdeputes.fr/franck-riester"
"Jean Roatta";"UMP";"6/20/2007";;45;"http://www.nosdeputes.fr/jean-roatta"
"Didier Robert";"UMP";"6/20/2007";;41;"http://www.nosdeputes.fr/didier-robert"
"Chantal Robin-Rodrigo";"SRC";"6/20/2007";;39;"http://www.nosdeputes.fr/chantal-robin-rodrigo"
"Arnaud Robinet";"UMP";"12/15/2008";;47;"http://www.nosdeputes.fr/arnaud-robinet"
"Camille de Rocca Serra";"UMP";"6/20/2007";;45;"http://www.nosdeputes.fr/camille-de-rocca-serra"
"François Rochebloine";"NC";"6/20/2007";;28;"http://www.nosdeputes.fr/francois-rochebloine"
"Alain Rodet";"SRC";"6/20/2007";;42;"http://www.nosdeputes.fr/alain-rodet"
"Marcel Rogemont";"SRC";"6/20/2007";;36;"http://www.nosdeputes.fr/marcel-rogemont"
"Marie-Josée Roig";"UMP";"6/20/2007";;44;"http://www.nosdeputes.fr/marie-josee-roig"
"Jean-Marie Rolland";"UMP";"6/20/2007";;44;"http://www.nosdeputes.fr/jean-marie-rolland"
"Bernard Roman";"SRC";"6/20/2007";;39;"http://www.nosdeputes.fr/bernard-roman"
"Valérie Rosso-Debord";"UMP";"6/20/2007";;38;"http://www.nosdeputes.fr/valerie-rosso-debord"
"Jean-Marc Roubaud";"UMP";"6/20/2007";;44;"http://www.nosdeputes.fr/jean-marc-roubaud"
"René Rouquet";"SRC";"6/20/2007";;44;"http://www.nosdeputes.fr/rene-rouquet"
"Alain Rousset";"SRC";"6/20/2007";;37;"http://www.nosdeputes.fr/alain-rousset"
"Max Roustan";"UMP";"6/20/2007";;41;"http://www.nosdeputes.fr/max-roustan"
"Patrick Roy";"SRC";"6/20/2007";;45;"http://www.nosdeputes.fr/patrick-roy"
"François de Rugy";"GDR";"6/20/2007";;41;"http://www.nosdeputes.fr/francois-de-rugy"
"Martial Saddier";"UMP";"6/20/2007";;46;"http://www.nosdeputes.fr/martial-saddier"
"Francis Saint-Léger";"UMP";"6/20/2007";;42;"http://www.nosdeputes.fr/francis-saint-leger"
"Michel Sainte-Marie";"SRC";"6/20/2007";;47;"http://www.nosdeputes.fr/michel-sainte-marie"
"Rudy Salles";"NC";"6/20/2007";;35;"http://www.nosdeputes.fr/rudy-salles"
"Françoise De Salvador";"UMP";"4/23/2010";;9;"http://www.nosdeputes.fr/francoise-de-salvador"
"Bruno Sandras";"UMP";"6/20/2007";;46;"http://www.nosdeputes.fr/bruno-sandras"
"Jean-Claude Sandrier";"GDR";"6/20/2007";;44;"http://www.nosdeputes.fr/jean-claude-sandrier"
"André Santini";"NC";"7/24/2009";;38;"http://www.nosdeputes.fr/andre-santini"
"Michel Sapin";"SRC";"6/20/2007";;37;"http://www.nosdeputes.fr/michel-sapin"
"Odile Saugues";"SRC";"6/20/2007";;47;"http://www.nosdeputes.fr/odile-saugues"
"François Sauvadet";"NC";"6/20/2007";;36;"http://www.nosdeputes.fr/francois-sauvadet"
"François Scellier";"UMP";"6/20/2007";;48;"http://www.nosdeputes.fr/francois-scellier"
"André Schneider";"UMP";"6/20/2007";;49;"http://www.nosdeputes.fr/andre-schneider"
"Jean-Pierre Schosteck";"UMP";"2/4/2008";;47;"http://www.nosdeputes.fr/jean-pierre-schosteck"
"Jean-Marie Sermier";"UMP";"6/20/2007";;48;"http://www.nosdeputes.fr/jean-marie-sermier"
"Georges Siffredi";"UMP";"1/5/2009";;47;"http://www.nosdeputes.fr/georges-siffredi"
"Fernand Siré";"UMP";"4/1/2010";;20;"http://www.nosdeputes.fr/fernand-sire"
"Christophe Sirugue";"SRC";"6/20/2007";;41;"http://www.nosdeputes.fr/christophe-sirugue"
"Jean-Pierre Soisson";"UMP";"6/20/2007";;44;"http://www.nosdeputes.fr/jean-pierre-soisson"
"Michel Sordi";"UMP";"6/20/2007";;44;"http://www.nosdeputes.fr/michel-sordi"
"Dominique Souchet";"NI";"4/13/2008";;40;"http://www.nosdeputes.fr/dominique-souchet"
"Daniel Spagnou";"UMP";"6/20/2007";;46;"http://www.nosdeputes.fr/daniel-spagnou"
"Éric Straumann";"UMP";"6/20/2007";;42;"http://www.nosdeputes.fr/eric-straumann"
"Alain Suguenot";"UMP";"6/20/2007";;47;"http://www.nosdeputes.fr/alain-suguenot"
"Michèle Tabarot";"UMP";"6/20/2007";;47;"http://www.nosdeputes.fr/michele-tabarot"
"Lionel Tardy";"UMP";"6/20/2007";;41;"http://www.nosdeputes.fr/lionel-tardy"
"Christiane Taubira";"SRC";"6/20/2007";;33;"http://www.nosdeputes.fr/christiane-taubira"
"Jean-Charles Taugourdeau";"UMP";"6/20/2007";;48;"http://www.nosdeputes.fr/jean-charles-taugourdeau"
"Guy Teissier";"UMP";"6/20/2007";;44;"http://www.nosdeputes.fr/guy-teissier"
"Pascal Terrasse";"SRC";"6/20/2007";;36;"http://www.nosdeputes.fr/pascal-terrasse"
"Michel Terrot";"UMP";"6/20/2007";;47;"http://www.nosdeputes.fr/michel-terrot"
"Jean-Claude Thomas";"UMP";"6/20/2007";;45;"http://www.nosdeputes.fr/jean-claude-thomas"
"Dominique Tian";"UMP";"6/20/2007";;43;"http://www.nosdeputes.fr/dominique-tian"
"Jean Tiberi";"UMP";"6/20/2007";;45;"http://www.nosdeputes.fr/jean-tiberi"
"Marisol Touraine";"SRC";"6/20/2007";;42;"http://www.nosdeputes.fr/marisol-touraine"
"Jean-Louis Touraine";"SRC";"6/20/2007";;44;"http://www.nosdeputes.fr/jean-louis-touraine"
"Philippe Tourtelier";"SRC";"6/20/2007";;43;"http://www.nosdeputes.fr/philippe-tourtelier"
"Alfred Trassy-Paillogues";"UMP";"6/20/2007";;40;"http://www.nosdeputes.fr/alfred-trassy-paillogues"
"Georges Tron";"UMP";"6/20/2007";"4/23/2010";26;"http://www.nosdeputes.fr/georges-tron"
"Jean Ueberschlag";"UMP";"6/20/2007";;39;"http://www.nosdeputes.fr/jean-ueberschlag"
"Jean-Jacques Urvoas";"SRC";"6/20/2007";;40;"http://www.nosdeputes.fr/jean-jacques-urvoas"
"Daniel Vaillant";"SRC";"6/20/2007";;37;"http://www.nosdeputes.fr/daniel-vaillant"
"Jacques Valax";"SRC";"6/20/2007";;41;"http://www.nosdeputes.fr/jacques-valax"
"André Vallini";"SRC";"6/20/2007";;43;"http://www.nosdeputes.fr/andre-vallini"
"Manuel Valls";"SRC";"6/20/2007";;31;"http://www.nosdeputes.fr/manuel-valls"
"Marc Vampa";"NC";"7/20/2007";;37;"http://www.nosdeputes.fr/marc-vampa"
"Yves Vandewalle";"UMP";"7/20/2007";;40;"http://www.nosdeputes.fr/yves-vandewalle"
"Christian Vanneste";"UMP";"6/20/2007";;35;"http://www.nosdeputes.fr/christian-vanneste"
"François Vannson";"UMP";"6/20/2007";;37;"http://www.nosdeputes.fr/francois-vannson"
"Isabelle Vasseur";"UMP";"6/20/2007";;44;"http://www.nosdeputes.fr/isabelle-vasseur"
"Catherine Vautrin";"UMP";"6/20/2007";;42;"http://www.nosdeputes.fr/catherine-vautrin"
"Michel Vauzelle";"SRC";"6/20/2007";;39;"http://www.nosdeputes.fr/michel-vauzelle"
"Michel Vaxès";"GDR";"6/20/2007";;45;"http://www.nosdeputes.fr/michel-vaxes"
"Francis Vercamer";"NC";"6/20/2007";;37;"http://www.nosdeputes.fr/francis-vercamer"
"Patrice Verchère";"UMP";"6/20/2007";;42;"http://www.nosdeputes.fr/patrice-verchere"
"Michel Vergnier";"SRC";"6/20/2007";;45;"http://www.nosdeputes.fr/michel-vergnier"
"André Vézinhet";"SRC";"6/20/2007";;39;"http://www.nosdeputes.fr/andre-vezinhet"
"Jean-Sébastien Vialatte";"UMP";"6/20/2007";;45;"http://www.nosdeputes.fr/jean-sebastien-vialatte"
"René-Paul Victoria";"UMP";"6/20/2007";;46;"http://www.nosdeputes.fr/rene-paul-victoria"
"Alain Vidalies";"SRC";"6/20/2007";;38;"http://www.nosdeputes.fr/alain-vidalies"
"Philippe Vigier";"NC";"6/20/2007";;34;"http://www.nosdeputes.fr/philippe-vigier"
"François-Xavier Villain";"NI";"6/20/2007";;32;"http://www.nosdeputes.fr/francois-xavier-villain"
"Jean-Michel Villaumé";"SRC";"6/20/2007";;39;"http://www.nosdeputes.fr/jean-michel-villaume"
"Jean-Claude Viollet";"SRC";"6/20/2007";;37;"http://www.nosdeputes.fr/jean-claude-viollet"
"Philippe Vitel";"UMP";"6/20/2007";;42;"http://www.nosdeputes.fr/philippe-vitel"
"Michel Voisin";"UMP";"6/20/2007";;45;"http://www.nosdeputes.fr/michel-voisin"
"Gérard Voisin";"UMP";"6/20/2007";;45;"http://www.nosdeputes.fr/gerard-voisin"
"Philippe Vuilque";"SRC";"6/20/2007";;42;"http://www.nosdeputes.fr/philippe-vuilque"
"Jean-Luc Warsmann";"UMP";"6/20/2007";;43;"http://www.nosdeputes.fr/jean-luc-warsmann"
"André Wojciechowski";"UMP";"6/20/2007";;38;"http://www.nosdeputes.fr/andre-wojciechowski"
"Gaël Yanno";"UMP";"6/20/2007";;44;"http://www.nosdeputes.fr/gael-yanno"
"Marie-Jo Zimmermann";"UMP";"6/20/2007";;43;"http://www.nosdeputes.fr/marie-jo-zimmermann"
"Michel Zumkeller";"UMP";"6/20/2007";;43;"http://www.nosdeputes.fr/michel-zumkeller"
